A,B,C,D,E,F,G,H,I,J,K
-0.959041235,-0.446587797,-0.372380765,-0.633736144,-0.273721436,-0.353207249,1.039205504,-0.649989076,-42.77272727,-0.2583767,1
-0.571907353,-0.446587797,-0.372380765,-0.633736144,-0.273721436,-0.347741982,1.039205504,-0.649989076,-44.13636364,-0.288809763,1
-0.505541545,-0.446587797,-0.372380765,-0.627855694,-0.273721436,-0.367014238,0.966506556,-0.649989076,-41.40909091,-0.339531534,1
-0.428114769,-0.446587797,-0.372380765,-0.627855694,-0.273721436,-0.323148281,0.940542646,-0.649989076,-45.5,-0.238087992,1
-1.324053181,-0.446587797,-0.372107476,-0.627855694,-0.273721436,-0.236279304,0.997663248,-0.649989076,-42.77272727,0.015520862,1
-1.136016724,-0.446587797,-0.372380765,-0.633736144,-0.273721436,-0.135459514,1.02881994,-0.649989076,-41.40909091,0.309707132,1
-1.025407044,-0.446587797,-0.372380765,-0.633736144,-0.273721436,-0.401531713,0.815915877,-0.649989076,-41.40909091,-0.491696846,1
-0.947980267,-0.446587797,-0.372380765,-0.633736144,-0.273721436,-0.413037538,0.893807607,-0.649989076,-47.31818182,-0.491696846,1
-1.10283382,-0.446587797,-0.372380765,-0.633736144,-0.273721436,-0.402826118,0.862650915,-0.649989076,-44.13636364,-0.491696846,1
-0.36174896,-0.446587797,-0.372380765,-0.633736144,-0.273721436,-0.422098375,0.956120992,-0.649989076,-45.5,-0.491696846,1
-0.538724449,-0.446587797,-0.372380765,-0.633736144,-0.273721436,-0.419221919,0.930157082,-0.649989076,-45.5,-0.491696846,1
-1.301931245,-0.446587797,-0.372380765,-0.633736144,-0.273721436,-0.427851287,0.961313774,-0.649989076,-42.77272727,-0.491696846,1
-0.682517034,-0.446587797,-0.372380765,-0.633736144,-0.273721436,-0.417927513,0.9249643,-0.649989076,-45.5,-0.491696846,1
-0.638273162,-0.446587797,-0.372380765,-0.633736144,-0.273721436,-0.405702574,0.847072569,-0.649989076,-45.5,-0.491696846,1
-0.859492523,-0.446587797,-0.372380765,-0.633736144,-0.273721436,-0.404695815,0.841879787,-0.649989076,-42.77272727,-0.491696846,1
-0.25113928,-0.446587797,-0.372380765,-0.633736144,-0.273721436,-0.429720984,0.914578736,-0.649989076,-27.77272727,-0.491696846,1
-0.925858331,-0.446587797,-0.372380765,-0.633736144,-0.273721436,-0.47099813,0.878229261,-0.649989076,-42.77272727,-0.643862159,1
-0.029919919,-0.446587797,-0.372380765,-0.633736144,-0.273721436,-0.312217748,0.862650915,-0.649989076,-44.13636364,-0.2583767,1
0.48994558,-0.446587797,-0.372380765,-0.633736144,-0.273721436,-0.301287214,0.909385954,-0.649989076,-45.5,-0.197510575,1
0.069628794,-0.446587797,-0.372380765,-0.633736144,-0.273721436,-0.273817057,0.930157082,-0.649989076,-42.77272727,-0.116355742,1
-0.350687992,-0.446587797,-0.372380765,-0.633736144,-0.273721436,-0.362411909,0.987277684,-0.649989076,-45.5,-0.319242825,1
-0.328566056,-0.446587797,-0.372380765,-0.633736144,-0.273721436,-0.349899324,1.023627158,-0.649989076,-39.59090909,-0.268521055,1
-0.328566056,-0.446587797,-0.372380765,-0.633736144,-0.273721436,-0.330627067,0.961313774,-0.649989076,-47.31818182,-0.248232346,1
-0.417053801,-0.446587797,-0.372380765,-0.633736144,-0.273721436,-0.347598159,0.966506556,-0.649989076,-45.5,-0.288809763,1
-0.450236705,-0.446587797,-0.372380765,-0.633736144,-0.273721436,-0.35378254,0.945735428,-0.649989076,-45.5,-0.319242825,1
0.810713654,-0.446587797,-0.372380765,-0.633736144,-0.273721436,-0.350474615,0.9249643,-0.649989076,-45.5,-0.319242825,1
-0.273261216,-0.446587797,-0.372380765,-0.633736144,-0.273721436,-0.310348051,0.935349864,-0.649989076,-42.77272727,-0.20765493,1
-0.383870896,-0.446587797,-0.372380765,-0.633736144,-0.273721436,-0.353638717,0.893807607,-0.649989076,-45.5,-0.339531534,1
-0.571907353,-0.446587797,-0.372380765,-0.633736144,-0.273721436,-0.318114483,1.00285603,-0.649989076,-42.77272727,-0.197510575,1
-0.538724449,-0.446587797,-0.372380765,-0.633736144,-0.273721436,-0.367445707,0.95092821,-0.649989076,-44.13636364,-0.349675888,1
-1.55633351,-0.446587797,-0.372380765,-0.633736144,-0.273721436,-0.300424277,0.904193171,-0.649989076,-41.40909091,-0.197510575,1
-1.456784798,-0.446587797,-0.372380765,-0.633736144,-0.273721436,-0.368883935,0.966506556,-0.649989076,-40.95454545,-0.339531534,1
-1.50102867,-0.446587797,-0.372380765,-0.633736144,-0.273721436,-0.261304473,0.971699338,-0.649989076,-44.13636364,-0.055489617,1
-1.534211574,-0.446587797,-0.372380765,-0.633736144,-0.273721436,-0.297835467,0.95092821,-0.649989076,-40.95454545,-0.167077513,1
-1.301931245,-0.446587797,-0.372380765,-0.633736144,-0.273721436,-0.308766,0.95092821,-0.649989076,-44.13636364,-0.197510575,1
-1.401479958,-0.446587797,-0.372380765,-0.633736144,-0.273721436,-0.371616568,0.956120992,-0.649989076,-44.13636364,-0.359820242,1
-1.512089638,-0.446587797,-0.372380765,-0.627855694,-0.273721436,-0.356083705,0.893807607,-0.649989076,-45.5,-0.349675888,1
-1.50102867,-0.446587797,-0.372380765,-0.633736144,-0.273721436,-0.33896879,0.9249643,-0.649989076,-44.13636364,-0.288809763,1
-1.412540926,-0.446587797,-0.372380765,-0.633736144,-0.273721436,-0.298698404,0.935349864,-0.649989076,-44.13636364,-0.177221867,1
-1.390418989,-0.446587797,-0.372380765,-0.621975243,-0.273721436,-0.305745721,0.893807607,-0.649989076,-41.40909091,-0.217799284,1
-1.335114149,-0.446587797,-0.372380765,-0.633736144,-0.273721436,-0.32257299,0.930157082,-0.649989076,-45.5,-0.248232346,1
-1.456784798,-0.446587797,-0.372380765,-0.627855694,-0.273721436,-0.328613548,0.95092821,-0.649989076,-44.13636364,-0.248232346,1
-1.379358021,-0.446587797,-0.372380765,-0.633736144,-0.273721436,-0.280864375,0.743216928,-0.649989076,-44.13636364,-0.238087992,1
-1.401479958,-0.446587797,-0.372380765,-0.633736144,-0.273721436,-0.345872285,0.893807607,-0.649989076,-44.13636364,-0.319242825,1
-1.423601894,-0.446587797,-0.372380765,-0.633736144,-0.273721436,-0.276693514,0.997663248,-0.649989076,-44.13636364,-0.08592268,1
-1.44572383,-0.446587797,-0.372380765,-0.633736144,-0.273721436,-0.34558464,0.97689212,-0.649989076,-44.13636364,-0.278665409,1
-1.589516414,-0.446587797,-0.372380765,-0.633736144,-0.273721436,-0.406134043,0.9249643,-0.649989076,-45.5,-0.440975075,1
-1.89922352,-0.446587797,-0.372380765,-0.633736144,-0.273721436,-0.326600029,0.919771518,-0.649989076,-44.13636364,-0.2583767,1
-1.534211574,-0.446587797,-0.372380765,-0.633736144,-0.273721436,-0.219308212,0.971699338,-0.649989076,-45.5,0.03580957,1
-1.379358021,-0.446587797,-0.372380765,-0.633736144,-0.273721436,-0.329045017,0.867843697,-0.649989076,-44.13636364,-0.288809763,1
-0.372809928,-0.446587797,-0.372380765,-0.633736144,-0.273721436,-0.357809579,0.945735428,-0.649989076,-42.77272727,-0.32938718,1
-0.638273162,-0.446587797,-0.372380765,-0.633736144,-0.273721436,-0.276549691,0.940542646,-0.649989076,-45.5,-0.116355742,1
0.257665251,-0.446587797,-0.372380765,-0.633736144,-0.273721436,-0.317683015,0.904193171,-0.649989076,-45.5,-0.238087992,1
-0.472358641,-0.446587797,-0.372380765,-0.627855694,-0.273721436,-0.337962031,0.893807607,-0.649989076,-47.31818182,-0.298954117,1
-0.527663481,-0.446587797,-0.372380765,-0.633736144,-0.273721436,-0.305026607,0.945735428,-0.649989076,-45.5,-0.187366221,1
-0.372809928,-0.446587797,-0.372380765,-0.633736144,-0.273721436,-0.336523803,0.997663248,-0.649989076,-44.13636364,-0.238087992,1
-1.301931245,-0.446587797,-0.372380765,-0.633736144,-0.273721436,-0.34817345,0.841879787,-0.649989076,-44.13636364,-0.349675888,1
0.312970091,-0.446587797,-0.372380765,-0.633736144,-0.273721436,-0.321134762,0.862650915,-0.649989076,-45.5,-0.278665409,1
-0.040980887,-0.446587797,-0.372380765,-0.633736144,-0.273721436,-0.333072055,0.9249643,-0.649989076,-47.31818182,-0.197510575,1
-0.936919299,-0.446587797,-0.372380765,-0.633736144,-0.273721436,-0.30157486,1.049591068,-0.649989076,-45.5,-0.116355742,1
-0.571907353,-0.446587797,-0.372380765,-0.633736144,-0.273721436,-0.345296994,0.971699338,-0.649989076,-44.13636364,-0.278665409,1
0.401457836,-0.446587797,-0.372380765,-0.633736144,-0.273721436,-0.346447577,1.013241594,-0.649989076,-42.77272727,-0.2583767,1
-0.494480577,-0.446587797,-0.372380765,-0.633736144,-0.273721436,-0.336955271,1.059976632,-0.649989076,-44.13636364,-0.20765493,1
-0.36174896,-0.446587797,-0.372380765,-0.633736144,-0.273721436,-0.338681145,0.997663248,-0.649989076,-42.77272727,-0.248232346,1
0.578433324,-0.446587797,-0.372380765,-0.633736144,-0.273721436,-0.309341292,1.039205504,-0.649989076,-42.77272727,-0.146788805,1
-0.428114769,-0.446587797,-0.372380765,-0.633736144,-0.273721436,-0.335948511,0.904193171,-0.649989076,-44.13636364,-0.288809763,1
0.135994602,-0.446587797,-0.372380765,-0.633736144,-0.273721436,1.092211995,2.856679216,-0.649989076,-45.5,-0.187366221,1
-0.450236705,-0.446587797,-0.372380765,-0.633736144,-0.273721436,-0.343858766,1.02881994,-0.649989076,-42.77272727,-0.248232346,1
0.312970091,-0.446587797,-0.372380765,-0.633736144,-0.273721436,-0.328613548,0.935349864,-0.649989076,-45.5,-0.248232346,1
-0.040980887,-0.446587797,-0.372380765,-0.633736144,-0.273721436,-0.367445707,1.02881994,-0.649989076,-42.77272727,-0.309098471,1
-1.136016724,-0.446587797,-0.372380765,-0.633736144,-0.273721436,-0.354933122,1.059976632,-0.649989076,-42.77272727,-0.2583767,1
-0.229017344,-0.446587797,-0.372380765,-0.633736144,-0.273721436,-0.334366461,1.05478385,-0.649989076,-44.13636364,-0.20765493,1
0.423579772,-0.446587797,-0.372380765,-0.633736144,-0.273721436,-0.357090465,0.717253018,-0.649989076,-42.77272727,-0.278665409,1
-0.914797363,-0.446587797,-0.372380765,-0.627855694,-0.273721436,-0.350330792,1.049591068,-0.649989076,-42.77272727,-0.248232346,1
-1.10283382,-0.446587797,-0.372380765,-0.627855694,-0.273721436,-0.304738962,1.065169415,-0.649989076,-44.13636364,-0.116355742,1
-0.549785417,-0.446587797,-0.372380765,-0.633736144,-0.273721436,-0.701689918,-0.809424899,-0.649989076,-42.77272727,-1.252523408,1
-0.450236705,-0.446587797,-0.372380765,-0.633736144,-0.273721436,-0.390169711,1.049591068,-0.649989076,-42.77272727,-0.359820242,1
-1.04752898,-0.446587797,-0.372380765,-0.633736144,-0.273721436,-0.347885805,1.039205504,-0.649989076,-40.95454545,-0.248232346,1
-0.30644412,-0.446587797,-0.372380765,-0.633736144,-0.273721436,-0.398079965,0.987277684,-0.649989076,-44.13636364,-0.410542013,1
-0.64933413,-0.446587797,-0.372380765,-0.633736144,-0.273721436,-0.307471595,1.039205504,-0.649989076,-40.5,-0.136644451,1
-1.080711884,-0.446587797,-0.372380765,-0.633736144,-0.273721436,-0.366726593,0.930157082,-0.649989076,-42.77272727,-0.359820242,1
-0.295383152,-0.446587797,-0.372380765,-0.633736144,-0.273721436,-0.377513304,1.044398286,-0.649989076,-42.77272727,-0.32938718,1
0.246604283,-0.446587797,-0.372380765,-0.633736144,-0.273721436,-0.326600029,1.013241594,-0.649989076,-44.13636364,-0.20765493,1
-0.129468631,-0.446587797,-0.372380765,-0.633736144,-0.273721436,-0.343714943,1.034012722,-0.649989076,-45.5,-0.238087992,1
-0.040980887,-0.446587797,-0.372380765,-0.621975243,-0.273721436,-0.342995829,0.992470466,-0.649989076,-42.77272727,-0.2583767,1
-0.538724449,-0.446587797,-0.372380765,-0.633736144,-0.273721436,-0.333934992,0.966506556,-0.649989076,-42.77272727,-0.248232346,1
0.290848155,-0.446587797,-0.372380765,-0.633736144,-0.273721436,-0.31538185,0.992470466,-0.649989076,-41.40909091,-0.187366221,1
-0.549785417,-0.446587797,-0.372380765,-0.633736144,-0.273721436,-0.381971811,1.023627158,-0.649989076,-40.95454545,-0.319242825,1
-0.206895407,-0.446587797,-0.372380765,-0.627855694,-0.273721436,-0.311498634,1.039205504,-0.649989076,-41.40909091,-0.146788805,1
0.069628794,-0.446587797,-0.372380765,-0.633736144,-0.273721436,-0.348461096,1.023627158,-0.649989076,-44.13636364,-0.2583767,1
-0.837370587,-0.446587797,-0.372380765,-0.633736144,-0.273721436,-0.373342442,1.044398286,-0.649989076,-44.13636364,-0.2583767,1
-0.914797363,-0.446587797,-0.372380765,-0.633736144,-0.273721436,-0.338105854,1.02881994,-0.649989076,-42.77272727,-0.227943638,1
-0.405992832,-0.446587797,-0.372380765,-0.633736144,-0.273721436,-0.363418668,1.023627158,-0.649989076,-41.40909091,-0.298954117,1
-0.947980267,-0.446587797,-0.372380765,-0.633736144,-0.273721436,-0.365000719,1.02881994,-0.649989076,-42.77272727,-0.298954117,1
-1.169199628,-0.446587797,-0.372380765,-0.633736144,-0.273721436,-0.332928232,1.039205504,-0.649989076,-42.77272727,-0.20765493,1
0.025384922,-0.446587797,-0.372380765,-0.621975243,-0.273721436,-0.363562491,1.044398286,-0.649989076,-41.40909091,-0.288809763,1
-0.206895407,-0.446587797,-0.372380765,-0.633736144,-0.273721436,-0.337242917,1.065169415,-0.649989076,-45.5,-0.20765493,1
-0.063102823,-0.446587797,-0.372380765,-0.633736144,-0.273721436,-0.305458076,1.049591068,-0.649989076,-42.77272727,-0.126500096,1
-0.273261216,-0.446587797,-0.372380765,-0.633736144,-0.273721436,-0.329188839,1.034012722,-0.649989076,-41.40909091,-0.197510575,1
-0.627212194,-0.446587797,-0.372380765,-0.633736144,-0.273721436,-0.350762261,1.039205504,-0.649989076,-42.77272727,-0.2583767,1
0.312970091,-0.446587797,-0.372380765,-0.633736144,-0.273721436,-0.335085575,1.013241594,-0.649989076,-42.77272727,-0.227943638,1
0.445701708,-0.446587797,-0.372380765,-0.633736144,-0.273721436,-0.281295844,0.899000389,-0.649989076,-45.5,-0.146788805,1
0.379335899,-0.446587797,-0.372380765,-0.633736144,-0.273721436,-0.374493025,1.018434376,-0.649989076,-44.13636364,-0.339531534,1
-0.184773471,-0.446587797,-0.372380765,-0.633736144,-0.273721436,-0.342708184,1.02881994,-0.649989076,-42.77272727,-0.248232346,1
-0.892675427,-0.446587797,-0.372380765,-0.633736144,-0.273721436,-0.347454336,1.059976632,-0.649989076,-40.95454545,-0.238087992,1
-0.516602513,-0.446587797,-0.372380765,-0.633736144,-0.273721436,-0.350618438,0.987277684,-0.649989076,-44.13636364,-0.278665409,1
-1.058589948,-0.446587797,-0.372380765,-0.633736144,-0.273721436,-0.318114483,1.039205504,-0.649989076,-44.13636364,-0.167077513,1
-0.206895407,-0.446587797,-0.372380765,-0.633736144,-0.273721436,-0.371472746,1.00285603,-0.649989076,-41.40909091,-0.339531534,1
-0.350687992,-0.446587797,-0.372380765,-0.633736144,-0.273721436,-0.36198044,1.013241594,-0.649989076,-40.95454545,-0.298954117,1
-1.113894788,-0.446587797,-0.372380765,-0.633736144,-0.273721436,-0.331921473,1.059976632,-0.649989076,-42.77272727,-0.197510575,1
-1.10283382,-0.446587797,-0.372380765,-0.627855694,-0.273721436,-0.389450597,1.039205504,-0.649989076,-41.40909091,-0.359820242,1
-1.014346076,-0.446587797,-0.372380765,-0.633736144,-0.273721436,-0.371904214,1.034012722,-0.649989076,-40.95454545,-0.319242825,1
-1.113894788,-0.446587797,-0.372380765,-0.633736144,-0.273721436,-0.319408888,1.008048812,-0.649989076,-40.95454545,-0.187366221,1
-0.074163791,-0.446587797,-0.372380765,-0.633736144,-0.273721436,-0.355364591,1.039205504,-0.649989076,-40.95454545,-0.268521055,1
-0.737821874,-0.446587797,-0.372380765,-0.633736144,-0.273721436,-0.33278441,1.013241594,-0.649989076,-42.77272727,-0.217799284,1
-0.029919919,-0.446587797,-0.372380765,-0.633736144,-0.273721436,-0.341269955,0.997663248,-0.649989076,-42.77272727,-0.248232346,1
-0.638273162,-0.446587797,-0.372380765,-0.633736144,-0.273721436,-0.369746872,1.039205504,-0.649989076,-42.77272727,-0.309098471,1
0.279787187,-0.446587797,-0.372380765,-0.633736144,-0.273721436,-0.348748742,1.023627158,-0.649989076,-40.95454545,-0.2583767,1
-0.151590567,-0.446587797,-0.372380765,-0.633736144,-0.273721436,-0.33537322,1.034012722,-0.649989076,-40.95454545,-0.217799284,1
-0.173712503,-0.446587797,-0.372380765,-0.633736144,-0.273721436,-0.364137782,0.997663248,-0.649989076,-41.40909091,-0.309098471,1
-1.301931245,-0.446587797,-0.372380765,-0.633736144,-0.273721436,-0.31897742,1.044398286,-0.649989076,-40.95454545,-0.167077513,1
-1.213443501,-0.446587797,-0.372380765,-0.633736144,-0.273721436,-0.358097224,0.992470466,-0.649989076,-41.40909091,-0.268521055,1
-0.240078312,-0.446587797,-0.372380765,-0.633736144,-0.273721436,-0.353926363,0.971699338,-0.649989076,-40.95454545,-0.298954117,1
-0.959041235,-0.446587797,-0.372380765,-0.633736144,-0.273721436,-0.31538185,0.966506556,-0.649989076,-41.40909091,-0.197510575,1
-1.10283382,-0.446587797,-0.372380765,-0.633736144,-0.273721436,-0.383122393,1.049591068,-0.649989076,-40.95454545,-0.339531534,1
-0.383870896,-0.446587797,-0.372380765,-0.633736144,-0.273721436,-0.33278441,1.039205504,-0.649989076,-40.95454545,-0.20765493,1
-0.549785417,-0.446587797,-0.372380765,-0.633736144,-0.273721436,-0.327750611,1.049591068,-0.649989076,-44.13636364,-0.187366221,1
-0.771004778,-0.446587797,-0.372380765,-0.633736144,-0.273721436,-0.363131023,1.018434376,-0.649989076,-39.59090909,-0.298954117,1
-1.301931245,-0.446587797,-0.372380765,-0.633736144,-0.273721436,-0.294383719,0.826301441,-0.649989076,-41.40909091,-0.298954117,1
-0.605090257,-0.446587797,-0.372380765,-0.633736144,-0.273721436,-0.280720552,1.023627158,-0.649989076,-39.59090909,-0.075778326,1
-0.052041855,-0.446587797,-0.372380765,-0.633736144,-0.273721436,-0.393765281,1.044398286,-0.649989076,-41.40909091,-0.369964596,1
0.357213963,-0.446587797,-0.372380765,-0.633736144,-0.273721436,-0.378663886,1.00285603,-0.649989076,-42.77272727,-0.339531534,1
-0.959041235,-0.446587797,-0.372380765,-0.633736144,-0.273721436,-0.318545951,1.039205504,-0.649989076,-41.40909091,-0.167077513,1
-0.64933413,-0.446587797,-0.372380765,-0.633736144,-0.273721436,-0.372623328,1.034012722,-0.649989076,-44.13636364,-0.319242825,1
-0.549785417,-0.446587797,-0.372380765,-0.633736144,-0.273721436,-0.314518913,0.987277684,-0.649989076,-40.95454545,-0.187366221,1
-0.881614459,-0.446587797,-0.372380765,-0.633736144,-0.273721436,-0.364281605,0.97689212,-0.649989076,-44.13636364,-0.319242825,1
-0.771004778,-0.446587797,-0.372380765,-0.633736144,-0.273721436,-0.361117503,1.034012722,-0.649989076,-40.95454545,-0.288809763,1
-0.417053801,-0.446587797,-0.372380765,-0.633736144,-0.273721436,-0.350474615,1.013241594,-0.649989076,-40.95454545,-0.268521055,1
-0.25113928,-0.446587797,-0.372380765,-0.633736144,-0.273721436,-0.309053646,1.02881994,-0.649989076,-44.13636364,-0.146788805,1
-0.428114769,-0.446587797,-0.372380765,-0.633736144,-0.273721436,-0.348317273,1.00285603,-0.649989076,-40.95454545,-0.268521055,1
-0.195834439,-0.446587797,-0.372380765,-0.633736144,-0.273721436,-0.358528693,0.992470466,-0.649989076,-40.95454545,-0.298954117,1
-1.014346076,-0.446587797,-0.372380765,-0.627855694,-0.273721436,-0.313080685,1.013241594,-0.649989076,-41.40909091,-0.167077513,1
0.069628794,-0.446587797,-0.372380765,-0.633736144,-0.273721436,-0.343283475,1.034012722,-0.649989076,-35.04545455,-0.238087992,1
-0.992224139,-0.446587797,-0.372380765,-0.633736144,-0.273721436,-0.35939163,1.023627158,-0.649989076,-42.77272727,-0.288809763,1
-0.240078312,-0.446587797,-0.372380765,-0.627855694,-0.273721436,-0.348317273,1.018434376,-0.649989076,-40.95454545,-0.2583767,1
-0.151590567,-0.446587797,-0.372380765,-0.633736144,-0.273721436,-0.378663886,1.023627158,-0.649989076,-42.77272727,-0.339531534,1
-0.925858331,-0.446587797,-0.372380765,-0.633736144,-0.273721436,-0.34817345,1.023627158,-0.649989076,-40.95454545,-0.2583767,1
-1.04752898,-0.446587797,-0.372380765,-0.627855694,-0.273721436,-0.329764131,0.987277684,-0.649989076,-39.59090909,-0.227943638,1
-0.571907353,-0.446587797,-0.372380765,-0.633736144,-0.273721436,-0.342564361,1.013241594,-0.649989076,-41.40909091,-0.248232346,1
0.257665251,-0.446587797,-0.372380765,-0.633736144,-0.273721436,-0.345440817,1.00285603,-0.649989076,-39.59090909,-0.2583767,1
-1.766491903,-0.446587797,-0.372380765,-0.633736144,-0.273721436,-0.366007479,0.987277684,-0.649989076,-44.13636364,-0.32938718,1
-0.096285727,-0.446587797,-0.372380765,-0.633736144,-0.273721436,-0.351912843,1.018434376,-0.649989076,-42.77272727,-0.268521055,1
-0.394931864,-0.446587797,-0.372380765,-0.633736144,-0.273721436,-0.367301884,0.97689212,-0.649989076,-42.77272727,-0.309098471,1
-0.981163171,-0.446587797,-0.372380765,-0.633736144,-0.273721436,-0.356515173,0.961313774,-0.649989076,-44.13636364,-0.309098471,1
0.357213963,-0.446587797,-0.372380765,-0.633736144,-0.273721436,-0.30517043,0.982084902,-0.649989076,-44.13636364,-0.167077513,1
-0.350687992,-0.446587797,-0.372380765,-0.633736144,-0.273721436,-0.34357112,1.023627158,-0.649989076,-44.13636364,-0.248232346,1
-0.417053801,-0.446587797,-0.372380765,-0.633736144,-0.273721436,-0.359247807,0.992470466,-0.649989076,-44.13636364,-0.319242825,1
-0.118407663,-0.446587797,-0.372380765,-0.633736144,-0.273721436,-0.359103984,0.97689212,-0.649989076,-44.13636364,-0.309098471,1
-1.036468012,-0.446587797,-0.372380765,-0.633736144,-0.273721436,-0.342852006,0.966506556,-0.649989076,-44.13636364,-0.268521055,1
-0.582968321,-0.446587797,-0.372380765,-0.633736144,-0.273721436,-0.325737092,1.023627158,-0.649989076,-42.31818182,-0.197510575,1
0.246604283,-0.446587797,-0.372380765,-0.633736144,-0.273721436,-0.318258306,0.982084902,-0.649989076,-42.77272727,-0.197510575,1
-0.36174896,-0.446587797,-0.372380765,-0.633736144,-0.273721436,-0.331346182,0.982084902,-0.649989076,-42.77272727,-0.238087992,1
0.368274931,-0.446587797,-0.372380765,-0.633736144,-0.273721436,-0.356083705,0.935349864,-0.649989076,-44.13636364,-0.319242825,1
0.158116538,-0.446587797,-0.372380765,-0.633736144,-0.273721436,-0.352488135,0.982084902,-0.649989076,-42.77272727,-0.288809763,1
-0.184773471,-0.446587797,-0.372380765,-0.633736144,-0.273721436,-0.367877175,0.914578736,-0.649989076,-44.13636364,-0.359820242,1
0.390396868,-0.446587797,-0.372380765,-0.633736144,-0.273721436,-0.420372501,1.065169415,-0.649989076,-40.95454545,-0.065633971,1
-1.810735776,-0.446587797,-0.372380765,-0.633736144,-0.273721436,-0.342420538,1.013241594,-0.649989076,-42.77272727,-0.248232346,1
-0.317505088,-0.446587797,-0.372380765,-0.633736144,-0.273721436,-0.289637567,1.02881994,-0.649989076,-44.13636364,-0.369964596,1
-1.080711884,-0.446587797,-0.372380765,-0.633736144,-0.273721436,-0.356802819,0.987277684,-0.649989076,-44.13636364,-0.298954117,1
-0.715699938,-0.446587797,-0.372380765,-0.633736144,-0.273721436,-0.331346182,1.013241594,-0.649989076,-44.13636364,-0.217799284,1
-0.881614459,-0.446587797,-0.372380765,-0.633736144,-0.273721436,-0.340694664,0.97689212,-0.649989076,-44.13636364,-0.2583767,1
0.456762676,-0.446587797,-0.372380765,-0.633736144,-0.273721436,-0.308478355,0.971699338,-0.649989076,-44.13636364,-0.32938718,1
0.09175073,-0.446587797,-0.372380765,-0.633736144,-0.273721436,-0.367158061,0.966506556,-0.649989076,-42.77272727,-0.319242825,1
0.48994558,-0.446587797,-0.372380765,-0.633736144,-0.273721436,-0.313655976,0.997663248,-0.649989076,-42.77272727,-0.177221867,1
0.279787187,-0.446587797,-0.372380765,-0.633736144,-0.273721436,-0.364856896,0.966506556,-0.649989076,-44.13636364,-0.32938718,1
0.135994602,-0.446587797,-0.372380765,-0.633736144,-0.273721436,-0.332496764,0.97689212,-0.649989076,-42.77272727,-0.238087992,1
-1.058589948,-0.446587797,-0.372380765,-0.627855694,-0.273721436,-0.317683015,0.997663248,-0.649989076,-42.77272727,-0.187366221,1
-0.151590567,-0.446587797,-0.372380765,-0.633736144,-0.273721436,-0.345440817,1.00285603,-0.649989076,-42.77272727,-0.2583767,1
0.48994558,-0.446587797,-0.372380765,-0.633736144,-0.273721436,-0.35018697,1.008048812,-0.649989076,-42.77272727,-0.268521055,1
-0.527663481,-0.446587797,-0.372380765,-0.633736144,-0.273721436,-0.306608658,0.961313774,-0.649989076,-41.40909091,-0.177221867,1
-1.257687373,-0.446587797,-0.372380765,-0.633736144,-0.273721436,-0.332928232,0.997663248,-0.649989076,-41.40909091,-0.227943638,1
-0.394931864,-0.446587797,-0.372380765,-0.633736144,-0.273721436,-0.362699554,0.992470466,-0.649989076,-42.77272727,-0.309098471,1
-0.195834439,-0.446587797,-0.372380765,-0.633736144,-0.273721436,-0.325593269,0.982084902,-0.649989076,-44.13636364,-0.217799284,1
-1.312992213,-0.446587797,-0.372380765,-0.627855694,-0.273721436,-0.336236157,1.039205504,-0.649989076,-42.77272727,-0.217799284,1
-0.240078312,-0.446587797,-0.372380765,-0.627855694,-0.273721436,-0.342852006,1.034012722,-0.649989076,-44.13636364,-0.238087992,1
-0.405992832,-0.446587797,-0.372380765,-0.633736144,-0.273721436,-0.33896879,0.992470466,-0.649989076,-42.77272727,-0.248232346,1
-0.936919299,-0.446587797,-0.372380765,-0.633736144,-0.273721436,-0.355364591,0.97689212,-0.649989076,-40.95454545,-0.298954117,1
0.09175073,-0.446587797,-0.372380765,-0.633736144,-0.273721436,-0.280432907,1.00285603,-0.649989076,-44.13636364,-0.288809763,1
-1.15813866,-0.446587797,-0.372380765,-0.633736144,-0.273721436,-0.297835467,1.070362197,-0.649989076,-45.5,-0.177221867,1
-0.748882842,-0.446587797,-0.372380765,-0.633736144,-0.273721436,-0.369459226,0.992470466,-0.649989076,-42.77272727,-0.32938718,1
-0.405992832,-0.446587797,-0.372380765,-0.633736144,-0.273721436,-0.303876025,0.987277684,-0.649989076,-42.77272727,-0.156933159,1
-0.771004778,-0.446587797,-0.372380765,-0.633736144,-0.273721436,-0.297691644,0.992470466,-0.649989076,-42.77272727,-0.136644451,1
-0.925858331,-0.446587797,-0.372380765,-0.627855694,-0.273721436,-0.325737092,0.961313774,-0.649989076,-42.77272727,-0.227943638,1
-0.859492523,-0.446587797,-0.372380765,-0.627855694,-0.273721436,-0.279282324,1.065169415,-0.649989076,-42.77272727,-0.045345263,1
-0.815248651,-0.446587797,-0.372380765,-0.627855694,-0.273721436,-0.376362721,0.982084902,-0.649989076,-41.40909091,-0.349675888,1
-0.007797982,-0.446587797,-0.372380765,-0.633736144,-0.273721436,-0.323004459,1.008048812,-0.649989076,-42.77272727,-0.197510575,1
-0.947980267,-0.446587797,-0.372380765,-0.633736144,-0.273721436,-0.335948511,0.997663248,-0.649989076,-42.77272727,-0.238087992,1
-0.295383152,-0.446587797,-0.372380765,-0.633736144,-0.273721436,-0.328757371,0.956120992,-0.649989076,-44.13636364,-0.238087992,1
0.268726219,-0.446587797,-0.372380765,-0.633736144,-0.273721436,-0.370465986,1.018434376,-0.649989076,-42.77272727,-0.319242825,1
-0.240078312,-0.446587797,-0.372380765,-0.633736144,-0.273721436,-0.328901194,1.00285603,-0.649989076,-40.95454545,-0.217799284,1
1.131481727,-0.369782329,-0.35325054,0.88930052,-0.273721436,-0.193707752,-0.876931066,1.534848154,-40.95454545,1.689339298,-1
0.257665251,-0.261774638,-0.23546301,1.124518538,-0.273721436,-0.141212426,-0.86135272,1.534848154,-40.95454545,1.618328819,-1
1.009811079,-0.273775493,-0.235189721,1.030431331,-0.273721436,-0.202624766,-0.871738284,1.534848154,-45.5,1.618328819,-1
0.821774622,-0.307377885,-0.346691605,1.030431331,-0.273721436,-0.165806127,-0.850967156,1.534848154,-9.136363636,1.618328819,-1
0.866018494,-0.283376176,-0.239835633,1.036311781,-0.273721436,-0.210678844,-0.871738284,-0.649989076,10.86363636,1.628473173,-1
1.197847536,-0.288176518,-0.343412138,1.006909529,-0.273721436,-0.205645045,-0.866545502,1.534848154,-42.77272727,1.66905059,-1
0.788591718,-0.276175664,-0.237376033,1.024550881,-0.273721436,-0.202624766,-0.876931066,1.534848154,3.590909091,1.608184465,-1
0.976628174,-0.324179082,-0.232183543,1.077474935,-0.273721436,-0.194283043,-0.86135272,1.534848154,3.590909091,1.699483652,-1
0.987689143,-0.285776347,-0.239562344,1.036311781,-0.273721436,-0.13373364,-0.86135272,1.534848154,-4.136363636,1.628473173,-1
0.998750111,-0.333779765,-0.241748656,1.01867043,-0.273721436,-0.200323601,-0.871738284,1.534848154,9.5,1.608184465,-1
0.83283559,-0.271375322,-0.237922611,1.024550881,-0.273721436,-0.153868834,-0.850967156,1.534848154,-5.045454545,1.608184465,-1
0.810713654,-0.261774638,-0.2381959,1.030431331,-0.273721436,-0.205501222,-0.871738284,1.534848154,-14.59090909,1.618328819,-1
0.899201398,-0.2401731,-0.235736299,1.095116286,-0.273721436,-0.216719402,-0.86135272,1.534848154,-1.863636364,1.729916715,-1
0.788591718,-0.271375322,-0.239289055,1.01867043,-0.273721436,-0.203487703,-0.871738284,1.534848154,6.318181818,1.598040111,-1
0.921323334,-0.273775493,-0.237922611,1.030431331,-0.273721436,-0.213986768,-0.876931066,1.534848154,-1.409090909,1.618328819,-1
0.821774622,-0.220971733,-0.2431151,1.024550881,-0.273721436,-0.208665324,-0.882123848,1.534848154,5.409090909,1.608184465,-1
0.88814043,-0.278575835,-0.236282877,1.006909529,-0.273721436,-0.213267654,-0.876931066,1.534848154,-4.136363636,1.577751402,-1
0.821774622,-0.26657498,-0.245301412,1.024550881,-0.273721436,-0.186085143,-0.871738284,1.534848154,-8.227272727,1.608184465,-1
0.83283559,-0.259374467,-0.247214434,1.042192232,-0.273721436,-0.13013807,-0.86135272,1.534848154,6.318181818,1.638617527,-1
0.866018494,-0.283376176,-0.241202078,1.030431331,-0.273721436,-0.202049475,-0.882123848,1.534848154,0.863636364,1.618328819,-1
0.810713654,-0.247373613,-0.245028123,1.030431331,-0.273721436,-0.219595858,-0.871738284,1.534848154,-0.954545455,1.618328819,-1
0.954506238,-0.254574126,-0.238742477,1.048072682,-0.273721436,-0.205501222,-0.882123848,1.534848154,6.772727273,1.648761882,-1
0.910262366,-0.268975151,-0.239562344,1.01278998,-0.273721436,-0.217007047,-0.876931066,1.534848154,3.590909091,1.618328819,-1
1.031933015,-0.261774638,-0.247214434,1.036311781,-0.273721436,-0.235991658,-0.856159938,1.534848154,14.04545455,1.628473173,-1
0.821774622,-0.259374467,-0.23300341,1.071594484,-0.273721436,-0.203631526,-0.871738284,1.534848154,-0.045454545,1.689339298,-1
1.142542695,-0.295377031,-0.245574701,1.006909529,-0.273721436,-0.219452035,-0.876931066,1.534848154,0.863636364,1.577751402,-1
2.491980798,-0.283376176,-0.243388389,1.01867043,-0.273721436,-0.217726161,-0.876931066,1.534848154,4.045454545,1.598040111,-1
0.810713654,-0.244973442,-0.241748656,1.030431331,-0.273721436,-0.243901913,-0.850967156,1.534848154,10.86363636,1.618328819,-1
2.005298204,-0.259374467,-0.237376033,1.024550881,-0.273721436,-0.23095786,-0.866545502,1.534848154,-0.045454545,1.608184465,-1
2.08272498,-0.259374467,-0.2406555,1.036311781,-0.273721436,-0.2217532,-0.866545502,1.534848154,7.681818182,1.628473173,-1
2.259700469,-0.283376176,-0.24584799,1.065714034,-0.273721436,-0.217007047,-0.871738284,1.534848154,5.409090909,1.679194944,-1
2.016359172,-0.324179082,-0.2406555,1.024550881,-0.273721436,-0.219739681,-0.866545502,1.534848154,-0.045454545,1.608184465,-1
1.861505619,-0.252173955,-0.237922611,1.036311781,-0.273721436,-0.226499353,-0.866545502,1.534848154,8.136363636,1.628473173,-1
0.854957526,-0.261774638,-0.239562344,1.030431331,-0.273721436,-0.215856465,-0.876931066,1.534848154,-0.045454545,1.618328819,-1
0.83283559,-0.256974297,-0.240382211,1.048072682,-0.273721436,-0.20075507,-0.871738284,1.534848154,15.40909091,1.648761882,-1
0.843896558,-0.26657498,-0.242841811,1.036311781,-0.273721436,-0.216575579,-0.871738284,1.534848154,3.136363636,1.628473173,-1
1.031933015,-0.268975151,-0.244208256,1.059833583,-0.273721436,-0.216575579,-0.871738284,1.534848154,-6.863636364,1.66905059,-1
0.965567206,-0.295377031,-0.240382211,1.065714034,-0.273721436,-0.201474184,-0.882123848,1.534848154,9.5,1.679194944,-1
2.315005309,-0.276175664,-0.240382211,1.083355385,-0.273721436,-0.17875018,-0.876931066,1.534848154,-12.31818182,1.709628007,-1
1.054054951,-0.278575835,-0.2431151,1.036311781,-0.273721436,-0.20075507,-0.88731663,1.534848154,1.318181818,1.628473173,-1
0.877079462,-0.333779765,-0.317176401,1.365617006,-0.273721436,-0.265475334,-0.91328054,1.534848154,-44.13636364,0.187974883,-1
0.235543315,0.153454926,-0.372380765,0.989268178,-0.273721436,-0.257996548,-0.850967156,1.534848154,-42.77272727,-0.765594408,-1
1.927871427,-0.391383867,-0.372380765,1.718444033,3.18656148,-0.454027039,-0.664027002,1.534848154,-3.227272727,1.871937673,-1
2.08272498,0.664691326,-0.265798082,2.776925112,2.468389554,-0.117050194,0.073348046,1.534848154,-21.40909091,2.460310214,-1
2.060603044,1.003115422,-0.263338481,2.841610067,-0.273721436,-0.029174457,-0.88731663,1.534848154,-35.04545455,3.23128113,-1
1.9721153,-0.192169682,-0.272630305,1.41854106,3.404189336,-0.315238027,-0.897702194,1.534848154,-28.68181818,0.979234507,-1
1.905749491,-0.134565581,-0.269624127,2.818088266,0.29211099,-0.29956134,-0.897702194,1.534848154,-30.04545455,0.979234507,-1
2.215456597,-0.213771221,-0.275363194,2.700479257,6.320402612,-0.333215878,-0.88731663,1.534848154,-18.22727273,0.867646611,-1
2.270761437,-0.160967461,-0.273723461,2.571109347,0.29211099,-0.317251546,-0.840581592,1.534848154,-42.77272727,0.948801445,-1
2.259700469,-0.086562163,-0.27126386,1.906618447,4.492328618,-0.299129872,-0.882123848,1.534848154,2.681818182,0.969090153,-1
1.142542695,0.124652875,-0.274816616,2.724001058,4.492328618,-0.367158061,-0.960015578,1.534848154,-41.40909091,-0.319242825,-1
0.976628174,-0.122564727,-0.274543327,1.406780159,4.100598477,-0.307615418,-0.882123848,1.534848154,-40.04545455,0.958945799,-1
1.042993983,-0.067360796,-0.272630305,1.400899709,-0.273721436,-0.298410758,-0.892509412,1.534848154,-30.04545455,0.948801445,-1
1.219969472,-0.153766948,-0.27399675,1.41266061,2.903645267,-0.31797066,-0.902894976,1.534848154,-0.5,0.969090153,-1
1.120420759,0.134253559,-0.249674035,1.806650789,-0.273721436,-0.275542931,-0.91328054,1.534848154,-26.40909091,0.948801445,-1
1.68453013,-0.194569853,-0.272083727,1.994825204,-0.273721436,-0.315669495,-0.897702194,1.534848154,-30.04545455,0.969090153,-1
0.921323334,-0.225772075,-0.272630305,1.630237276,0.618552775,-0.270221487,-0.902894976,1.534848154,-28.68181818,0.969090153,-1
1.076176887,-0.177768657,-0.270717282,1.806650789,0.966757345,-0.311210988,-0.88731663,1.534848154,-25.5,0.979234507,-1
1.076176887,-0.223371904,-0.270717282,1.365617006,-0.273721436,-0.318833597,-0.871738284,1.534848154,-19.59090909,0.958945799,-1
1.396944961,0.436675091,-0.295586575,2.87689277,4.470565832,-0.372623328,-0.960015578,1.534848154,-37.77272727,-0.136644451,-1
1.850444651,-0.160967461,-0.274270038,1.765487636,1.467301415,-0.359823098,-0.944437232,1.534848154,-21.40909091,0.228552299,-1
0.799652686,-0.055359942,-0.270990571,2.512304843,2.903645267,-0.369315403,-0.949630014,1.534848154,-33.68181818,-0.177221867,-1
1.717713034,0.885507048,-0.302145509,2.041868807,3.600054407,-0.347598159,-0.991172271,1.534848154,-32.31818182,-0.248232346,-1
1.23103044,0.115052192,-0.272630305,1.977183852,1.075571273,-0.366151302,-0.970401142,1.534848154,-23.22727273,0.066242633,-1
1.054054951,-0.004956353,-0.27126386,1.400899709,3.643579978,-0.286329642,-0.892509412,1.534848154,-23.22727273,0.948801445,-1
0.998750111,-0.141766094,-0.27126386,2.253565023,4.492328618,-0.387005609,-0.975593924,1.534848154,-24.59090909,-0.309098471,-1
1.330579152,0.295065009,-0.300779065,1.971303402,2.729542982,-0.405846397,-0.970401142,1.534848154,13.13636364,-0.298954117,-1
1.961054331,0.199058173,-0.272630305,1.68316133,1.119096844,-0.370465986,-0.980786706,1.534848154,4.045454545,-0.32938718,-1
1.242091408,-0.326579252,-0.272630305,1.424421511,1.728454842,-0.37679419,-0.970401142,1.534848154,-32.31818182,-0.025056555,-1
1.474371737,-0.21137105,-0.273176883,1.894857546,-0.273721436,-0.320128002,-0.871738284,1.534848154,-9.590909091,0.969090153,-1
1.861505619,0.215859369,-0.27399675,1.959542501,4.492328618,-0.363418668,-0.954822796,1.534848154,12.22727273,-0.298954117,-1
1.584981418,0.311866205,-0.304058532,2.159477816,1.771980413,-0.346159931,-0.928858886,1.534848154,3.136363636,0.776347424,-1
0.910262366,0.328667401,-0.303785243,2.194760519,4.818770403,-0.407859917,-0.980786706,1.534848154,-0.5,-0.288809763,-1
1.23103044,0.499079534,-0.304331821,1.994825204,1.793743199,-0.395347332,-0.985979489,1.534848154,-23.22727273,-0.32938718,-1
1.253152376,-0.060160283,-0.272083727,1.930140249,4.427040261,-0.293952251,-0.88731663,1.534848154,-44.13636364,0.979234507,-1
1.020872047,-0.151366777,-0.27399675,1.218605745,4.078835691,-0.314087444,-0.876931066,1.534848154,-35.04545455,0.958945799,-1
1.73983497,0.194257831,-0.27399675,2.582870248,1.706692057,-0.365432188,-0.960015578,1.534848154,-38.22727273,-0.32938718,-1
1.983176268,-0.175368486,-0.271810438,1.389138808,4.122361262,-0.311786279,-0.918473322,1.534848154,-23.22727273,0.979234507,-1
1.673469162,1.538353531,-0.233276699,1.218605745,4.448803047,-0.092600316,-0.767882643,1.534848154,-21.86363636,4.803656025,-1
1.961054331,-0.192169682,-0.27126386,1.518508718,4.535854189,-0.310060406,-0.876931066,1.534848154,-35.04545455,0.979234507,-1
1.131481727,0.146254413,-0.277549506,0.712887007,-0.273721436,-0.39779232,-1.017136181,1.534848154,-42.77272727,-1.252523408,-1
1.894688523,0.223059882,-0.277822795,1.248007997,-0.273721436,-0.418934273,-1.048292873,1.534848154,-7.772727273,-1.252523408,-1
1.618164322,0.141454072,-0.277276217,1.41266061,-0.251958651,-0.276549691,-1.032714527,1.534848154,2.681818182,-1.252523408,-1
1.1757256,0.146254413,-0.276729639,1.424421511,-0.273721436,-0.425837768,-1.037907309,1.534848154,28.59090909,-1.252523408,-1
1.949993363,0.585485687,-0.298319464,1.55379142,-0.273721436,-0.435761542,-1.074256783,1.534848154,16.77272727,-1.252523408,-1
1.651347226,0.914309099,-0.308157866,1.424421511,-0.273721436,-0.433748022,-1.095027911,1.534848154,-22.77272727,-1.252523408,-1
1.28633528,1.103922599,-0.315809956,1.577313222,-0.273721436,-0.429145693,-1.053485655,1.534848154,-10.04545455,-1.252523408,-1
1.264213344,0.151054755,-0.277549506,1.424421511,-0.208433079,-0.427132173,-1.048292873,1.534848154,861.7727273,-1.252523408,-1
1.297396248,0.122252704,-0.277549506,1.406780159,-0.273721436,-0.430727743,-1.043100091,1.534848154,27.68181818,-1.252523408,-1
1.662408194,0.465477142,-0.310344177,1.259768898,-0.273721436,-0.467546383,-1.084642347,1.534848154,4.954545455,-1.252523408,-1
0.998750111,0.727095769,-0.309251022,1.447943312,-0.273721436,-0.44899324,-1.089835129,1.534848154,-7.318181818,-1.252523408,-1
0.843896558,0.712694744,-0.308977733,1.518508718,-0.273721436,-0.447267367,-1.084642347,1.534848154,432.2272727,-1.252523408,-1
1.164664631,0.047847407,-0.275909772,1.447943312,-0.273721436,-0.437343593,-1.100220693,1.534848154,7.681818182,-1.252523408,-1
1.73983497,0.088650312,-0.277276217,1.41266061,-0.273721436,-0.434035668,-1.043100091,1.534848154,44.04545455,-1.252523408,-1
1.551798513,0.100651166,-0.277822795,1.01278998,-0.273721436,-0.4336042,-1.043100091,1.534848154,34.04545455,-1.252523408,-1
0.83283559,-0.31937874,-0.277549506,1.406780159,-0.273721436,-0.503645908,-1.022328963,1.534848154,-42.77272727,-1.252523408,-1
1.020872047,-0.31937874,-0.277549506,1.442062862,-0.143144723,-0.503645908,-1.011943399,1.534848154,9.5,-1.252523408,-1
1.219969472,-0.223371904,-0.292853686,1.442062862,0.074483134,-0.485668057,-0.96520836,1.534848154,-5.045454545,-0.613429096,-1
1.839383683,-0.314578398,-0.278096083,1.500867366,1.14085963,-0.504221199,-1.006750617,1.534848154,-25.95454545,-1.252523408,-1
1.430127865,-0.326579252,-0.276729639,1.483226015,-0.273721436,-0.502782971,-1.011943399,1.534848154,-9.136363636,-1.252523408,-1
1.297396248,-0.316978569,-0.275909772,1.371497457,-0.273721436,-0.500913275,-1.011943399,1.534848154,-6.409090909,-1.252523408,-1
0.94344527,-0.204170537,-0.290667374,1.442062862,-0.121381937,-0.517452898,-1.011943399,1.534848154,-30.95454545,-1.252523408,-1
0.83283559,-0.189769512,-0.292307108,1.753726735,-0.012568009,-0.519178772,-1.022328963,1.534848154,-18.22727273,-1.252523408,-1
1.850444651,-0.146566436,-0.275636483,1.41854106,-0.273721436,-0.490270387,-1.022328963,1.534848154,-9.590909091,-1.252523408,-1
1.961054331,-0.31937874,-0.277822795,1.406780159,-0.273721436,-0.503645908,-1.001557835,1.534848154,16.77272727,-1.252523408,-1
1.098298823,-0.264174809,-0.283835151,1.583193673,-0.273721436,-0.510261758,-0.985979489,1.534848154,7.227272727,-1.252523408,-1
0.954506238,-0.136965752,-0.298319464,1.406780159,-0.273721436,-0.525506975,-1.022328963,1.534848154,4.5,-1.252523408,-1
1.352701088,-0.312178227,-0.278369372,2.177119167,-0.143144723,-0.504508845,-1.011943399,1.534848154,-25.95454545,-1.252523408,-1
1.496493673,-0.312178227,-0.277276217,1.400899709,-0.273721436,-0.502782971,-1.011943399,1.534848154,17.68181818,-1.252523408,-1
0.83283559,0.105451508,-0.27645635,1.565552321,0.226822633,-0.430296275,-1.048292873,1.534848154,12.68181818,-1.252523408,-1
1.905749491,0.026245869,-0.277822795,1.400899709,-0.273721436,-0.442665037,-1.053485655,1.534848154,33.13636364,-1.252523408,-1
1.872566587,0.412673382,-0.275363194,1.41854106,-0.273721436,-0.413612829,-1.063871219,1.534848154,37.22727273,-1.252523408,-1
0.810713654,0.273463471,-0.275636483,1.41854106,-0.273721436,-0.424255717,-1.069064001,1.534848154,-20.5,-1.252523408,-1
1.57392045,0.139053901,-0.283561862,2.030107906,-0.273721436,-0.441226809,-1.058678437,1.534848154,8.136363636,-1.252523408,-1
1.275274312,0.093450654,-0.279189239,1.41266061,-0.273721436,-0.53801956,-1.069064001,1.534848154,21.31818182,-1.252523408,-1
1.839383683,0.052647749,-0.277276217,1.41266061,-0.273721436,-0.43820653,-1.037907309,1.534848154,-1.409090909,-1.252523408,-1
1.640286258,0.484678509,-0.311164044,1.436182412,-0.273721436,-0.465676686,-1.079449565,1.534848154,0.409090909,-1.252523408,-1
1.651347226,0.787100042,-0.308704444,1.453823763,-0.273721436,-0.445972961,-1.084642347,1.534848154,8.136363636,-1.252523408,-1
1.584981418,0.871106023,-0.372380765,1.859574843,-0.273721436,-0.467258737,-1.079449565,1.534848154,-11.40909091,-1.252523408,-1
1.540737545,1.396743448,-0.318542845,1.494986916,-0.273721436,-0.421666906,-1.105413475,1.534848154,31.77272727,-1.252523408,-1
-0.936919299,5.270619268,3.041817852,-0.616094793,-0.273721436,4.67181792,-1.198883552,-0.649989076,200.4090909,-1.252523408,-1
-0.804187683,2.846446667,3.033072607,-0.610214342,-0.251958651,4.661175032,-1.198883552,-0.649989076,-42.77272727,-1.252523408,-1
-0.771004778,2.34241078,3.028699984,-0.621975243,-0.208433079,2.861232561,-1.19369077,-0.649989076,-44.13636364,-1.252523408,-1
-0.826309619,4.675376887,3.028973273,-0.610214342,-0.273721436,2.861520207,-1.198883552,-0.649989076,233.5909091,-1.252523408,-1
-0.970102203,2.198400526,3.036078785,-0.616094793,-0.251958651,2.868998993,-1.198883552,-0.649989076,356.3181818,-1.252523408,-1
-0.815248651,4.886591925,3.039084963,-0.627855694,-0.251958651,2.872163095,-1.198883552,-0.649989076,328.5909091,-1.252523408,-1
-0.815248651,2.26320514,3.030613006,-0.621975243,-0.273721436,2.863246081,-1.198883552,-0.649989076,255.4090909,-1.252523408,-1
-0.959041235,5.189013458,3.046463764,-0.621975243,-0.273721436,2.879929527,-1.198883552,-0.649989076,372.2272727,-1.252523408,-1
-0.870553491,2.347211121,3.030886295,-0.616094793,-0.273721436,2.863533726,-1.198883552,-0.649989076,219.0454545,-1.252523408,-1
-0.826309619,5.064204571,3.044004164,-0.621975243,-0.273721436,2.877340716,-1.198883552,-0.649989076,276.7727273,-1.252523408,-1
-0.815248651,2.26320514,3.042091141,-0.616094793,-0.273721436,2.875327197,-1.198883552,-0.649989076,275.8636364,-1.252523408,-1
-0.793126714,2.308808387,3.018041715,-0.621975243,-0.273721436,2.850014382,-1.198883552,-0.649989076,298.5909091,-1.252523408,-1
-0.793126714,2.460019153,3.038811674,-0.621975243,-0.273721436,2.871875449,-1.19369077,-0.649989076,230.4090909,-1.252523408,-1
-0.804187683,2.224802406,3.033072607,-0.616094793,-0.273721436,2.865834891,-1.198883552,-0.649989076,179.9545455,-1.252523408,-1
-0.793126714,2.268005482,3.036898652,-0.621975243,-0.273721436,2.86986193,-1.198883552,-0.649989076,229.9545455,-1.252523408,-1
-0.903736395,2.419216248,3.01175607,-0.621975243,-0.273721436,2.843398533,-1.198883552,-0.649989076,276.3181818,-1.252523408,-1
-0.914797363,2.515223084,3.007383447,-0.621975243,-0.273721436,2.838796203,-1.198883552,-0.649989076,165.4090909,-1.252523408,-1
-0.771004778,2.270405653,3.042637719,-0.616094793,-0.273721436,2.875902488,-1.198883552,-0.649989076,230.4090909,-1.252523408,-1
-0.892675427,2.20800121,3.033072607,-0.621975243,-0.273721436,2.865834891,-1.19369077,-0.649989076,294.5,-1.252523408,-1
-0.970102203,2.241603602,3.040451408,-0.616094793,-0.273721436,2.873601323,-1.198883552,-0.649989076,246.3181818,-1.252523408,-1
-0.936919299,2.34241078,3.044824031,-0.621975243,-0.273721436,2.878203653,-1.198883552,-0.649989076,255.8636364,-1.252523408,-1
-0.859492523,2.433617274,3.033072607,-0.616094793,-0.273721436,2.865834891,-1.198883552,-0.649989076,229.9545455,-1.252523408,-1
-0.782065746,2.20800121,3.02706025,-0.621975243,-0.273721436,2.859506688,-1.198883552,-0.649989076,230.4090909,-1.252523408,-1
-0.75994381,2.227202577,3.036625363,-0.616094793,-0.273721436,2.869574284,-1.198883552,-0.649989076,254.9545455,-1.252523408,-1
-0.826309619,2.232002919,3.026786961,-0.621975243,-0.273721436,2.859219042,-1.198883552,-0.649989076,294.5,-1.252523408,-1
-0.815248651,2.308808387,3.040178119,-0.621975243,-0.273721436,2.873313678,-1.198883552,-0.649989076,193.5909091,-1.252523408,-1
-0.815248651,2.200800697,3.047010342,-0.616094793,-0.273721436,2.880504818,-1.198883552,-0.649989076,184.5,-1.252523408,-1
-0.881614459,2.352011463,3.029793139,-0.621975243,-0.273721436,2.862383144,-1.198883552,-0.649989076,420.8636364,-1.252523408,-1
-0.970102203,2.234403089,3.042091141,-0.610214342,-0.273721436,2.875327197,-1.198883552,-0.649989076,272.2272727,-1.252523408,-1
-0.881614459,2.123995228,3.031706162,-0.621975243,-0.273721436,2.864396663,-1.198883552,-0.649989076,246.3181818,-1.252523408,-1
-0.959041235,2.258404798,3.043184297,-0.621975243,-0.273721436,2.876477779,-1.198883552,-0.649989076,210.4090909,-1.252523408,-1
-0.815248651,2.268005482,-0.017651732,-0.616094793,-0.273721436,2.876477779,-1.198883552,-0.649989076,255.4090909,-1.252523408,-1
-0.881614459,2.220002064,3.044550742,-0.616094793,-0.273721436,2.877916007,-1.198883552,-0.649989076,279.9545455,-1.252523408,-1
-0.771004778,2.299207704,3.018588293,-0.610214342,-0.273721436,2.850589674,-1.198883552,-0.649989076,255.4090909,-1.252523408,-1
-0.914797363,2.299207704,3.039358252,-0.616094793,-0.273721436,2.872450741,-1.19369077,-0.649989076,246.3181818,-1.252523408,-1
-0.804187683,2.325609583,3.04236443,-0.621975243,-0.273721436,2.875614843,-1.198883552,-0.649989076,272.6818182,-1.252523408,-1
-0.881614459,4.814586799,3.045643897,-0.621975243,-0.273721436,2.87906659,-1.198883552,-0.649989076,280.4090909,-1.252523408,-1
-0.837370587,2.311208558,3.021321183,-0.621975243,-0.273721436,2.85346613,-1.198883552,-0.649989076,214.9545455,-1.252523408,-1
-0.837370587,2.74803966,3.035532207,-0.616094793,-0.273721436,2.868423702,-1.198883552,-0.649989076,229.9545455,-1.252523408,-1
-0.782065746,2.183999501,3.02186776,-0.621975243,-0.273721436,2.854041421,-1.198883552,-0.649989076,273.1363636,-1.252523408,-1
-0.262200248,-0.446587797,-0.259785725,-0.627855694,-0.251958651,-0.304882784,-0.923666104,-0.649989076,-44.13636364,1.364719965,-1
-0.295383152,-0.446587797,-0.251860346,-0.627855694,-0.273721436,-0.290069035,-0.928858886,-0.649989076,-42.31818182,1.516885277,-1
-0.394931864,-0.446587797,-0.260059014,-0.627855694,-0.251958651,-0.307615418,-0.918473322,-0.649989076,-40.95454545,1.42558609,-1
-0.284322184,-0.446587797,-0.251040479,-0.627855694,-0.251958651,-0.279426147,-0.923666104,-0.649989076,-44.59090909,1.527029632,-1
-0.206895407,-0.446587797,-0.251860346,-0.627855694,-0.251958651,-0.289062275,-0.923666104,-0.649989076,-35.04545455,1.54731834,-1
-0.295383152,-0.446587797,-0.255413102,-0.627855694,-0.230195865,-0.309628937,-0.918473322,-0.649989076,-37.77272727,1.415441736,-1
-0.317505088,-0.446587797,-0.248034301,-0.627855694,-0.251958651,-0.276981159,-0.928858886,-0.649989076,-40.95454545,1.587895757,-1
-0.383870896,-0.444187626,-0.255139813,-0.621975243,-0.230195865,-0.314950381,-0.923666104,-0.649989076,-42.31818182,1.385008673,-1
-0.195834439,-0.446587797,-0.257052836,-0.627855694,-0.208433079,-0.303876025,-0.923666104,-0.649989076,-45.5,1.405297382,-1
-0.206895407,-0.446587797,-0.252953502,-0.627855694,-0.273721436,-0.29697253,-0.928858886,-0.649989076,-37.77272727,1.456019153,-1
-0.240078312,-0.446587797,-0.254319946,-0.627855694,-0.230195865,-0.301431037,-0.923666104,-0.649989076,-23.22727273,1.506740923,-1
-0.428114769,-0.446587797,-0.245301412,-0.627855694,-0.251958651,-0.285898173,-0.923666104,-0.649989076,-39.13636364,1.628473173,-1
-0.405992832,-0.446587797,-0.248854168,-0.627855694,-0.273721436,-0.292514023,-0.923666104,-0.649989076,-23.22727273,1.527029632,-1
-0.417053801,-0.446587797,-0.255139813,-0.627855694,-0.251958651,-0.293089314,-0.918473322,-0.649989076,-36.40909091,1.567607048,-1
-0.483419609,-0.446587797,-0.360082763,-0.627855694,-0.251958651,-0.302869265,-0.923666104,-0.649989076,-42.77272727,1.435730444,-1
-0.317505088,-0.446587797,-0.260878881,-0.627855694,-0.251958651,-0.309916583,-0.923666104,-0.649989076,-36.40909091,1.415441736,-1
-0.405992832,-0.446587797,-0.259785725,-0.627855694,-0.230195865,-0.316532432,-0.918473322,-0.649989076,-36.40909091,1.405297382,-1
-0.273261216,-0.446587797,-0.254593235,-0.627855694,-0.251958651,-0.300136632,-0.928858886,-0.649989076,-23.22727273,1.405297382,-1
-0.217956376,-0.446587797,-0.360629341,-0.627855694,-0.251958651,-0.291219617,-0.923666104,-0.649989076,-39.59090909,1.516885277,-1
-0.317505088,-0.446587797,-0.251860346,-0.627855694,-0.251958651,-0.29596577,-0.923666104,-0.649989076,-24.59090909,1.486452215,-1
-0.36174896,-0.446587797,-0.36090263,-0.627855694,-0.251958651,-0.303876025,-0.923666104,-0.649989076,-42.77272727,1.456019153,-1
-0.284322184,-0.446587797,-0.26361177,-0.621975243,-0.251958651,-0.317107723,-0.91328054,-0.649989076,-36.40909091,1.405297382,-1
-0.229017344,-0.446587797,-0.358989607,-0.627855694,-0.251958651,-0.304738962,-0.918473322,-0.649989076,-23.22727273,1.496596569,-1
-0.439175737,-0.446587797,-0.244754834,-0.627855694,-0.251958651,-0.257852725,-0.923666104,-0.649989076,-40.95454545,1.658906236,-1
-0.328566056,-0.446587797,-0.360082763,-0.627855694,-0.251958651,-0.304019848,-0.918473322,-0.649989076,-35.04545455,1.445874798,-1
-0.472358641,-0.446587797,-0.250493901,-0.627855694,-0.273721436,-0.29956134,-0.923666104,-0.649989076,-44.59090909,1.557462694,-1
-0.339627024,-0.446587797,-0.360356052,-0.627855694,-0.273721436,-0.298266935,-0.923666104,-0.649989076,-36.86363636,1.486452215,-1
-0.505541545,-0.446587797,-0.254593235,-0.627855694,-0.273721436,-0.30157486,-0.923666104,-0.649989076,-39.13636364,1.435730444,-1
-0.36174896,-0.446587797,-0.252406924,-0.627855694,-0.273721436,-0.302006328,-0.928858886,-0.649989076,-23.22727273,1.506740923,-1
-0.527663481,-0.446587797,-0.252133635,-0.627855694,-0.273721436,-0.311210988,-0.918473322,-0.649989076,-39.59090909,1.385008673,-1
-0.328566056,-0.446587797,-0.257052836,-0.627855694,-0.273721436,-0.305601898,-0.928858886,-0.649989076,-23.22727273,1.496596569,-1
-0.372809928,-0.446587797,-0.256779547,-0.627855694,-0.273721436,-0.31437509,-0.918473322,-0.649989076,-37.77272727,1.42558609,-1
-0.527663481,-0.446587797,-0.255686391,-0.627855694,-0.273721436,-0.308909823,-0.918473322,-0.649989076,-35.04545455,1.42558609,-1
-0.483419609,-0.446587797,-0.359809474,-0.627855694,-0.273721436,-0.312936862,-0.923666104,-0.649989076,-39.59090909,1.385008673,-1
-0.328566056,-0.446587797,-0.249127457,-0.627855694,-0.273721436,-0.301718683,-0.923666104,-0.649989076,-36.40909091,1.486452215,-1
-0.229017344,-0.446587797,-0.360629341,-0.621975243,-0.273721436,-0.299992809,-0.928858886,-0.649989076,-23.22727273,1.527029632,-1
-0.494480577,-0.446587797,-0.252406924,-0.627855694,-0.273721436,-0.304738962,-0.923666104,-0.649989076,-39.59090909,1.456019153,-1
-0.472358641,-0.446587797,-0.246121279,-0.627855694,-0.273721436,-0.29337696,-0.934051668,-0.649989076,-23.22727273,1.54731834,-1
-0.450236705,-0.446587797,-0.25595968,-0.627855694,-0.273721436,-0.303300733,-0.918473322,-0.649989076,-36.40909091,1.557462694,-1
-0.284322184,-0.446587797,-0.360082763,-0.627855694,-0.273721436,-0.296684884,-0.928858886,-0.649989076,-23.22727273,1.577751402,-1
